year,inflation
2012,0.011158798283261717
2013,-0.000848896434634927
2014,0.010195412064570863
2015,0.010933557611438216
2016,0.01830282861896837
2017,0.0212418300653594
2018,0.027200000000000113
2019,0.02336448598130847
2020,0.007610350076103556
2021,0.027945619335347338
2022,0.06906686260102868
2023,0.039175257731958624
2024,0.02645502645502651
2025,0.02126288659793829
